subject,stimulus,frequency,power
10,100,49.79253112033195,5.541959064064321
10,150,49.79253112033195,6.7141136817073255
10,200,49.79253112033195,6.352400638111808
10,250,49.79253112033195,8.027727968369572
10,50,49.79253112033195,12.12068617743787
11,100,49.79253112033195,1.600530526468493
11,150,49.79253112033195,4.487776538894382
11,200,49.79253112033195,4.23363679524828
11,250,49.79253112033195,-0.20711498374841103
11,50,49.79253112033195,5.796744230555796
12,100,49.79253112033195,2.869858453254084
12,150,49.79253112033195,8.48086652718041
12,200,49.79253112033195,5.178412117025225
12,250,49.79253112033195,4.478364586226235
12,50,49.79253112033195,12.71193517790547
13,100,49.79253112033195,1.406148355804373
13,150,49.79253112033195,8.81744359315416
13,200,49.79253112033195,-1.240320409600904
13,250,49.79253112033195,6.779446103976064
13,50,49.79253112033195,11.516179303329324
14,100,49.79253112033195,4.232733733041696
14,150,49.79253112033195,3.3240634614890956
14,200,49.79253112033195,3.7030071277828496
14,250,49.79253112033195,1.371869464086231
14,50,49.79253112033195,7.509434052182726
15,100,49.79253112033195,0.11408006475850169
15,150,49.79253112033195,6.5043314787044935
15,200,49.79253112033195,-1.4907360825590767
15,250,49.79253112033195,1.029371188912004
15,50,49.79253112033195,10.786271570150362
16,100,49.79253112033195,9.25129834153873
16,150,49.79253112033195,10.239667804217401
16,200,49.79253112033195,5.474568381394579
16,250,49.79253112033195,8.495458296827078
16,50,49.79253112033195,17.833413653942497
17,100,49.79253112033195,6.504796212437491
17,150,49.79253112033195,5.6387436966622495
17,200,49.79253112033195,7.738072686253598
17,250,49.79253112033195,8.042300561125575
17,50,49.79253112033195,17.511887011760987
18,100,49.79253112033195,3.9228305049249483
18,150,49.79253112033195,5.653580117074571
18,200,49.79253112033195,5.810371258575273
18,250,49.79253112033195,5.1345052572891
18,50,49.79253112033195,15.967487671339315
19,100,49.79253112033195,6.569636587846018
19,150,49.79253112033195,0.9456135546507212
19,200,49.79253112033195,5.371144087393322
19,250,49.79253112033195,6.341991934330818
19,50,49.79253112033195,0.48369466803005884
20,100,49.79253112033195,5.607306743723052
20,150,49.79253112033195,4.628576645313441
20,200,49.79253112033195,4.029791431591755
20,250,49.79253112033195,9.801407635969067
20,50,49.79253112033195,12.698356694578647
21,100,49.79253112033195,4.00305234897654
21,150,49.79253112033195,5.55998728866951
21,200,49.79253112033195,4.345427832473561
21,250,49.79253112033195,2.5595576345972306
21,50,49.79253112033195,6.7100562932989485
22,100,49.79253112033195,11.986204885973146
22,150,49.79253112033195,10.148069161700253
22,200,49.79253112033195,7.830998240641481
22,250,49.79253112033195,8.079548774888865
22,50,49.79253112033195,14.656894082302227
23,100,49.79253112033195,7.397689872823214
23,150,49.79253112033195,4.349692366047339
23,200,49.79253112033195,2.925567423688555
23,250,49.79253112033195,7.111574101832067
23,50,49.79253112033195,14.039202684627039
24,100,49.79253112033195,4.118354213357375
24,150,49.79253112033195,3.824612053737899
24,200,49.79253112033195,4.982307587476516
24,250,49.79253112033195,6.613259817355063
24,50,49.79253112033195,6.106974144471166
25,100,49.79253112033195,0.5502755380948803
25,150,49.79253112033195,-1.0729405151004343
25,200,49.79253112033195,0.8862035116513743
25,250,49.79253112033195,-0.08219017444513235
25,50,49.79253112033195,0.6050997363638805
26,100,49.79253112033195,-0.9953222209588912
26,150,49.79253112033195,5.968232745756588
26,200,49.79253112033195,0.1500083563758766
26,250,49.79253112033195,0.8093021399032576
26,50,49.79253112033195,4.910699023597482
27,100,49.79253112033195,-0.019428766037173025
27,150,49.79253112033195,3.2135187406662857
27,200,49.79253112033195,4.0276300005970995
27,250,49.79253112033195,11.001031913481832
27,50,49.79253112033195,3.507306067130914
28,100,49.79253112033195,8.514923627169072
28,150,49.79253112033195,5.1849939784036785
28,200,49.79253112033195,4.760300369911429
28,250,49.79253112033195,4.232277126437804
28,50,49.79253112033195,10.680249203968517
29,100,49.79253112033195,8.208141081589833
29,150,49.79253112033195,4.111756431297513
29,200,49.79253112033195,5.194285860911476
29,250,49.79253112033195,0.36325387602874903
29,50,49.79253112033195,9.709546891259933
3,100,49.79253112033195,4.704301973204693
3,150,49.79253112033195,4.783702481296736
3,200,49.79253112033195,6.699754354204908
3,250,49.79253112033195,5.88635048204597
3,50,49.79253112033195,10.212870254279398
30,100,49.79253112033195,4.442186953461385
30,150,49.79253112033195,4.966952047555936
30,200,49.79253112033195,5.991217385932879
30,250,49.79253112033195,1.3425401988628616
30,50,49.79253112033195,1.6712479294704685
31,100,49.79253112033195,-0.8143059399881785
31,150,49.79253112033195,-0.4077054751184829
31,200,49.79253112033195,1.7009952219130104
31,250,49.79253112033195,-2.6981922476831324
31,50,49.79253112033195,0.7075041020798176
32,100,49.79253112033195,6.777452748953411
32,150,49.79253112033195,8.733717585701054
32,200,49.79253112033195,8.246068972410217
32,250,49.79253112033195,8.750831285090726
32,50,49.79253112033195,11.94001493552128
33,100,49.79253112033195,6.525521513103618
33,150,49.79253112033195,5.562507009254791
33,200,49.79253112033195,3.9984585516017153
33,250,49.79253112033195,4.195604804448328
33,50,49.79253112033195,15.719321437808562
34,100,49.79253112033195,0.6363892279175771
34,150,49.79253112033195,4.430184507823992
34,200,49.79253112033195,4.158399243478642
34,250,49.79253112033195,1.9890612676269734
34,50,49.79253112033195,0.7000167181290757
35,100,49.79253112033195,4.057676410952015
35,150,49.79253112033195,3.775230551539029
35,200,49.79253112033195,3.0165628437126477
35,250,49.79253112033195,2.772974379884902
35,50,49.79253112033195,7.798797794552255
36,100,49.79253112033195,6.57685713381258
36,150,49.79253112033195,5.027692274970738
36,200,49.79253112033195,6.946868362121831
36,250,49.79253112033195,5.284073082567627
36,50,49.79253112033195,12.65884625310312
37,100,49.79253112033195,9.924730540616434
37,150,49.79253112033195,11.376594347979243
37,200,49.79253112033195,8.811662144064893
37,250,49.79253112033195,11.795662305466433
37,50,49.79253112033195,11.917399119674423
38,100,49.79253112033195,2.1304901665055715
38,150,49.79253112033195,3.536439806404136
38,200,49.79253112033195,1.2019976166933317
38,250,49.79253112033195,5.670125002077429
38,50,49.79253112033195,8.862239472815656
39,100,49.79253112033195,8.614235207005702
39,150,49.79253112033195,9.125094870015149
39,200,49.79253112033195,4.736032518495402
39,250,49.79253112033195,9.06474057190578
39,50,49.79253112033195,16.25322547863957
40,100,49.79253112033195,0.4608155205440239
40,150,49.79253112033195,2.424373174510018
40,200,49.79253112033195,5.813557658458608
40,250,49.79253112033195,2.1124713278337053
40,50,49.79253112033195,5.631521746684092
42,100,49.79253112033195,6.393874915667902
42,150,49.79253112033195,9.162101034525362
42,200,49.79253112033195,12.373100771301957
42,250,49.79253112033195,13.002660376180376
42,50,49.79253112033195,13.468412647557411
43,100,49.79253112033195,8.51596897224158
43,150,49.79253112033195,11.065472079770146
43,200,49.79253112033195,10.845529029404016
43,250,49.79253112033195,16.03378578334942
43,50,49.79253112033195,14.347465488387678
44,100,49.79253112033195,13.5597906239368
44,150,49.79253112033195,12.789158060705839
44,200,49.79253112033195,14.87442222168465
44,250,49.79253112033195,9.874306369476955
44,50,49.79253112033195,14.193503936980612
5,100,49.79253112033195,0.11835401212521442
5,150,49.79253112033195,2.520500942937794
5,200,49.79253112033195,3.025336228184108
5,250,49.79253112033195,-1.1260571115954863
5,50,49.79253112033195,5.491454811164047
6,100,49.79253112033195,5.371552429418086
6,150,49.79253112033195,9.934120363990377
6,200,49.79253112033195,7.371577780878771
6,250,49.79253112033195,9.150599877047258
6,50,49.79253112033195,9.620776703071074
7,100,49.79253112033195,7.4621081183873015
7,150,49.79253112033195,7.647607833204652
7,200,49.79253112033195,5.681097627831361
7,250,49.79253112033195,3.3792483040336507
7,50,49.79253112033195,11.699344817327413
8,100,49.79253112033195,-2.448658641821293
8,150,49.79253112033195,3.0594402116852453
8,200,49.79253112033195,0.9770886424127845
8,250,49.79253112033195,0.04196715181910885
8,50,49.79253112033195,5.179648799686221
9,100,49.79253112033195,1.252869742156422
9,150,49.79253112033195,1.2178697075849976
9,200,49.79253112033195,4.752260671280228
9,250,49.79253112033195,3.0673298888183034
9,50,49.79253112033195,4.082225974086689
10,100,99.5850622406639,10.1943619209632
10,150,99.5850622406639,1.49939383214004
10,200,99.5850622406639,0.15689954978234927
10,250,99.5850622406639,3.8170022876784255
10,50,99.5850622406639,3.7799443700778212
11,100,99.5850622406639,3.755817108761642
11,150,99.5850622406639,-0.9616749439100596
11,200,99.5850622406639,2.0013093550759766
11,250,99.5850622406639,-0.9007446790289113
11,50,99.5850622406639,-2.5979343613121064
12,100,99.5850622406639,10.119784714205915
12,150,99.5850622406639,1.0336001140711106
12,200,99.5850622406639,2.3307893316979076
12,250,99.5850622406639,2.273867147027943
12,50,99.5850622406639,-1.3282249392066539
13,100,99.5850622406639,-0.9335486984197159
13,150,99.5850622406639,0.7147557521014252
13,200,99.5850622406639,4.4780160549685695
13,250,99.5850622406639,-0.8068148912042648
13,50,99.5850622406639,0.16601339990529823
14,100,99.5850622406639,2.2900050849930706
14,150,99.5850622406639,-0.6603479904525338
14,200,99.5850622406639,-2.570534193214424
14,250,99.5850622406639,0.23296651717416764
14,50,99.5850622406639,-0.6403619428946362
15,100,99.5850622406639,3.943748853782761
15,150,99.5850622406639,0.8708814291025045
15,200,99.5850622406639,2.382583367635978
15,250,99.5850622406639,2.559894062210779
15,50,99.5850622406639,6.938277518069897
16,100,99.5850622406639,6.961687141534996
16,150,99.5850622406639,-0.15735599619752277
16,200,99.5850622406639,1.9053731268044691
16,250,99.5850622406639,-3.4150582693321536
16,50,99.5850622406639,8.700053081460915
17,100,99.5850622406639,12.015521312402498
17,150,99.5850622406639,1.856508029501882
17,200,99.5850622406639,3.3516921941372253
17,250,99.5850622406639,-0.9575346648564562
17,50,99.5850622406639,7.587961827237944
18,100,99.5850622406639,8.923890397662769
18,150,99.5850622406639,0.560065701335339
18,200,99.5850622406639,-0.5716856964782323
18,250,99.5850622406639,0.6939799169251346
18,50,99.5850622406639,2.1526600794665036
19,100,99.5850622406639,1.864260222794093
19,150,99.5850622406639,0.6532640611830909
19,200,99.5850622406639,-0.7796258275666572
19,250,99.5850622406639,-1.884213055502694
19,50,99.5850622406639,4.661625393646781
20,100,99.5850622406639,0.7011772732895183
20,150,99.5850622406639,1.101910934506042
20,200,99.5850622406639,1.597849255253467
20,250,99.5850622406639,-0.29672568092359336
20,50,99.5850622406639,2.340378024495366
21,100,99.5850622406639,9.936703313406257
21,150,99.5850622406639,-0.11596693936964841
21,200,99.5850622406639,-0.014994517028228425
21,250,99.5850622406639,1.3087001614543137
21,50,99.5850622406639,-0.18271321268304677
22,100,99.5850622406639,7.176576725244928
22,150,99.5850622406639,-0.19243352989151657
22,200,99.5850622406639,-1.306625437221943
22,250,99.5850622406639,2.415696988268585
22,50,99.5850622406639,-0.7448560902105275
23,100,99.5850622406639,12.455612208963348
23,150,99.5850622406639,0.8365206633680579
23,200,99.5850622406639,0.06654240199664913
23,250,99.5850622406639,-1.7049635322047394
23,50,99.5850622406639,2.1045921418798694
24,100,99.5850622406639,4.844898316182632
24,150,99.5850622406639,1.6918793162684331
24,200,99.5850622406639,-0.005213054022016778
24,250,99.5850622406639,0.49137624935735513
24,50,99.5850622406639,-1.212836174897322
25,100,99.5850622406639,0.5254588052614981
25,150,99.5850622406639,-2.143447404743723
25,200,99.5850622406639,-2.0942103371206215
25,250,99.5850622406639,0.7339269967332542
25,50,99.5850622406639,1.0026785725365632
26,100,99.5850622406639,3.0154781374114528
26,150,99.5850622406639,0.4590087218988647
26,200,99.5850622406639,-1.6932743695379036
26,250,99.5850622406639,0.3396382241536861
26,50,99.5850622406639,-0.9002854034290189
27,100,99.5850622406639,6.150147676946797
27,150,99.5850622406639,1.0086494159656778
27,200,99.5850622406639,4.089584567095371
27,250,99.5850622406639,5.973549956910285
27,50,99.5850622406639,-2.332238246467758
28,100,99.5850622406639,14.683953836676178
28,150,99.5850622406639,-2.773430536277956
28,200,99.5850622406639,2.0306502677513825
28,250,99.5850622406639,3.165032752382772
28,50,99.5850622406639,0.6106992268461544
29,100,99.5850622406639,6.996410235388159
29,150,99.5850622406639,-0.988960242830476
29,200,99.5850622406639,4.914121320503649
29,250,99.5850622406639,3.4994294158369947
29,50,99.5850622406639,3.1760745211005084
3,100,99.5850622406639,0.12634552067474378
3,150,99.5850622406639,2.619605249412711
3,200,99.5850622406639,0.37884103741776387
3,250,99.5850622406639,3.777118183516353
3,50,99.5850622406639,4.130680700295118
30,100,99.5850622406639,6.511635292751972
30,150,99.5850622406639,-0.600212009719051
30,200,99.5850622406639,2.1590673525921233
30,250,99.5850622406639,-3.0283422226185226
30,50,99.5850622406639,-1.2663388353640932
31,100,99.5850622406639,5.193950239871271
31,150,99.5850622406639,0.8301994831264324
31,200,99.5850622406639,-0.8221275115857793
31,250,99.5850622406639,-1.6597809831687016
31,50,99.5850622406639,-1.6878723901755668
32,100,99.5850622406639,10.41246562715312
32,150,99.5850622406639,-0.6172987361997352
32,200,99.5850622406639,-1.5007108682266646
32,250,99.5850622406639,0.12054320057636914
32,50,99.5850622406639,0.3522615973427441
33,100,99.5850622406639,8.079421303377957
33,150,99.5850622406639,3.7766626417367757
33,200,99.5850622406639,0.8713634642196819
33,250,99.5850622406639,2.9445097554630744
33,50,99.5850622406639,4.012401279241152
34,100,99.5850622406639,0.9183343510116779
34,150,99.5850622406639,1.9039053701536548
34,200,99.5850622406639,-2.5298846208295247
34,250,99.5850622406639,-2.9482412736366435
34,50,99.5850622406639,1.1480577574899846
35,100,99.5850622406639,-2.93897233099742
35,150,99.5850622406639,2.6073924842298513
35,200,99.5850622406639,0.5612498512169695
35,250,99.5850622406639,0.7700180515462465
35,50,99.5850622406639,2.4400939139020412
36,100,99.5850622406639,12.868782099598445
36,150,99.5850622406639,2.1033511444269952
36,200,99.5850622406639,3.722339448533708
36,250,99.5850622406639,0.6449054737331948
36,50,99.5850622406639,-0.6058481050556701
37,100,99.5850622406639,10.749110500103205
37,150,99.5850622406639,5.041945995979732
37,200,99.5850622406639,-3.0546027270020777
37,250,99.5850622406639,-0.6797439648709064
37,50,99.5850622406639,0.05507814592257607
38,100,99.5850622406639,8.079299511892637
38,150,99.5850622406639,4.379540756806587
38,200,99.5850622406639,0.4740282120107523
38,250,99.5850622406639,7.632768624883433
38,50,99.5850622406639,3.797708204186642
39,100,99.5850622406639,9.271514400122879
39,150,99.5850622406639,0.709192903311187
39,200,99.5850622406639,2.380059303916669
39,250,99.5850622406639,4.254479805150738
39,50,99.5850622406639,9.85066465032656
40,100,99.5850622406639,7.0645736048124865
40,150,99.5850622406639,0.36922529835767637
40,200,99.5850622406639,2.7012304628522683
40,250,99.5850622406639,-3.11361864866803
40,50,99.5850622406639,4.010282376046314
42,100,99.5850622406639,17.342994923619003
42,150,99.5850622406639,3.467717011843219
42,200,99.5850622406639,3.9341723454514685
42,250,99.5850622406639,11.817223710331826
42,50,99.5850622406639,8.130903308685626
43,100,99.5850622406639,5.189145321128219
43,150,99.5850622406639,9.0434549305003
43,200,99.5850622406639,5.654164712182657
43,250,99.5850622406639,3.9490963184449903
43,50,99.5850622406639,0.7516917358661226
44,100,99.5850622406639,12.095497705346101
44,150,99.5850622406639,8.479975316200182
44,200,99.5850622406639,4.8789165148377
44,250,99.5850622406639,5.758038653835335
44,50,99.5850622406639,2.929730111970035
5,100,99.5850622406639,3.0994096897806935
5,150,99.5850622406639,0.8402315040238263
5,200,99.5850622406639,0.5105192799902465
5,250,99.5850622406639,-0.8232953207801896
5,50,99.5850622406639,1.1487548121553441
6,100,99.5850622406639,9.399258185734103
6,150,99.5850622406639,6.510516463174666
6,200,99.5850622406639,4.808458230412411
6,250,99.5850622406639,5.199139057458398
6,50,99.5850622406639,2.984917546159605
7,100,99.5850622406639,8.822182068497224
7,150,99.5850622406639,1.7758434723867478
7,200,99.5850622406639,-0.6772039404289031
7,250,99.5850622406639,-0.1831422577123063
7,50,99.5850622406639,-0.3732230840485917
8,100,99.5850622406639,-0.0903691255273436
8,150,99.5850622406639,-0.22062725969367983
8,200,99.5850622406639,-0.18881050272665573
8,250,99.5850622406639,1.5080459576959868
8,50,99.5850622406639,2.226420192213662
9,100,99.5850622406639,1.3536400706597485
9,150,99.5850622406639,1.5583336637335532
9,200,99.5850622406639,0.9663840794948029
9,250,99.5850622406639,-0.9919744723592233
9,50,99.5850622406639,-0.773994833867807
10,100,149.37759336099586,0.2213636465151919
10,150,149.37759336099586,8.564169084912281
10,200,149.37759336099586,0.14426215933632033
10,250,149.37759336099586,-0.6551900720104662
10,50,149.37759336099586,1.5295897665333833
11,100,149.37759336099586,0.6168585603947842
11,150,149.37759336099586,14.425399709056268
11,200,149.37759336099586,1.1978385816087669
11,250,149.37759336099586,0.32085621834859074
11,50,149.37759336099586,0.23461556255943233
12,100,149.37759336099586,0.3779606250648644
12,150,149.37759336099586,7.181382868784767
12,200,149.37759336099586,-2.9891217352311
12,250,149.37759336099586,-3.4889915588059224
12,50,149.37759336099586,-2.0898472057287516
13,100,149.37759336099586,2.815067570490947
13,150,149.37759336099586,6.002630984163641
13,200,149.37759336099586,4.391998929407089
13,250,149.37759336099586,-1.7939275552598353
13,50,149.37759336099586,0.40518421177907327
14,100,149.37759336099586,1.7865933392623699
14,150,149.37759336099586,14.317191742198279
14,200,149.37759336099586,3.2369972587003937
14,250,149.37759336099586,-0.5842346022066242
14,50,149.37759336099586,3.5873145029177476
15,100,149.37759336099586,-2.8880126468860468
15,150,149.37759336099586,9.735570553735448
15,200,149.37759336099586,3.3009939571909026
15,250,149.37759336099586,4.015423433347241
15,50,149.37759336099586,2.2637026632748176
16,100,149.37759336099586,3.56878242687905
16,150,149.37759336099586,16.16710200200812
16,200,149.37759336099586,-2.6393715743658093
16,250,149.37759336099586,1.1287810152231843
16,50,149.37759336099586,0.30505854212097955
17,100,149.37759336099586,-0.5654261246421541
17,150,149.37759336099586,12.45650783869836
17,200,149.37759336099586,-0.6782195215635334
17,250,149.37759336099586,0.6272576096443114
17,50,149.37759336099586,-1.4436713124574276
18,100,149.37759336099586,0.0338292019664669
18,150,149.37759336099586,14.349964145748068
18,200,149.37759336099586,0.9623177476393443
18,250,149.37759336099586,-5.191052343133158
18,50,149.37759336099586,3.757410310949247
19,100,149.37759336099586,-1.668747047741426
19,150,149.37759336099586,0.219383712835816
19,200,149.37759336099586,3.5477687567110285
19,250,149.37759336099586,-0.5868526032149719
19,50,149.37759336099586,-0.9984092825522178
20,100,149.37759336099586,-2.395684504821452
20,150,149.37759336099586,9.61143708083803
20,200,149.37759336099586,0.12833547880999527
20,250,149.37759336099586,2.309428291797487
20,50,149.37759336099586,1.2449538055856515
21,100,149.37759336099586,-0.7956102752866139
21,150,149.37759336099586,4.051597708117873
21,200,149.37759336099586,2.3829888575204974
21,250,149.37759336099586,-2.3861472918038302
21,50,149.37759336099586,3.2957152852588183
22,100,149.37759336099586,-1.6391859489129956
22,150,149.37759336099586,8.610953732051776
22,200,149.37759336099586,-0.22384799058147903
22,250,149.37759336099586,1.7716945553639611
22,50,149.37759336099586,0.4077237282582452
23,100,149.37759336099586,0.5514630454049875
23,150,149.37759336099586,2.498903253923826
23,200,149.37759336099586,4.5462000126081765
23,250,149.37759336099586,2.0230866680474464
23,50,149.37759336099586,4.209917920662111
24,100,149.37759336099586,1.7319175448257316
24,150,149.37759336099586,9.769797481444906
24,200,149.37759336099586,-0.22207213393552053
24,250,149.37759336099586,-0.06847153362596584
24,50,149.37759336099586,-3.3884909120671045
25,100,149.37759336099586,-2.12270401020551
25,150,149.37759336099586,3.518140945876675
25,200,149.37759336099586,-1.5431607666392475
25,250,149.37759336099586,0.38309595837773835
25,50,149.37759336099586,0.30067953640258704
26,100,149.37759336099586,-1.5931001640816014
26,150,149.37759336099586,1.9342357607612808
26,200,149.37759336099586,1.9481687921790825
26,250,149.37759336099586,-4.262894197224011
26,50,149.37759336099586,-0.8057198324379627
27,100,149.37759336099586,0.6536735505810891
27,150,149.37759336099586,8.63356636243152
27,200,149.37759336099586,-2.709486030686472
27,250,149.37759336099586,1.3362303840012093
27,50,149.37759336099586,1.994119066048474
28,100,149.37759336099586,-0.2420702956972291
28,150,149.37759336099586,19.94371516190033
28,200,149.37759336099586,6.710522214986003
28,250,149.37759336099586,1.3214618703099468
28,50,149.37759336099586,3.717134343153109
29,100,149.37759336099586,-0.8738111779798039
29,150,149.37759336099586,8.125187750744454
29,200,149.37759336099586,0.10806957033126342
29,250,149.37759336099586,2.002439689770446
29,50,149.37759336099586,2.6037228919423008
3,100,149.37759336099586,2.668205270529833
3,150,149.37759336099586,15.763007526291057
3,200,149.37759336099586,0.559179717808354
3,250,149.37759336099586,2.0679826785963913
3,50,149.37759336099586,0.5846084606344908
30,100,149.37759336099586,-0.7142456144427785
30,150,149.37759336099586,5.687431934395891
30,200,149.37759336099586,1.3303101142110267
30,250,149.37759336099586,0.47953903369862216
30,50,149.37759336099586,-1.5107569614085805
31,100,149.37759336099586,4.092095948581149
31,150,149.37759336099586,1.2842455674509852
31,200,149.37759336099586,1.1715292335228027
31,250,149.37759336099586,-4.537226487451377
31,50,149.37759336099586,5.133165886906332
32,100,149.37759336099586,0.6996826560055556
32,150,149.37759336099586,3.327234326964686
32,200,149.37759336099586,1.6350727366068827
32,250,149.37759336099586,-0.871283546574896
32,50,149.37759336099586,2.624490977997771
33,100,149.37759336099586,-0.49299440718838955
33,150,149.37759336099586,7.608859013006644
33,200,149.37759336099586,-1.1123382901203234
33,250,149.37759336099586,-0.8490268795876345
33,50,149.37759336099586,2.846119762606001
34,100,149.37759336099586,0.3519507212821061
34,150,149.37759336099586,2.7501024102795006
34,200,149.37759336099586,-0.3390955780461064
34,250,149.37759336099586,-1.1333860273274197
34,50,149.37759336099586,-0.18382376204730416
35,100,149.37759336099586,-3.587152136002201
35,150,149.37759336099586,3.136744526189259
35,200,149.37759336099586,-3.8544681927124005
35,250,149.37759336099586,-2.0163271431152774
35,50,149.37759336099586,-1.1134510654902965
36,100,149.37759336099586,4.599993852328691
36,150,149.37759336099586,15.562804588616464
36,200,149.37759336099586,-1.889569879764121
36,250,149.37759336099586,2.52345634238473
36,50,149.37759336099586,2.2877661819021453
37,100,149.37759336099586,-2.947419126629629
37,150,149.37759336099586,8.472922592880227
37,200,149.37759336099586,-1.3745117037947099
37,250,149.37759336099586,-1.631814494979874
37,50,149.37759336099586,-0.923645277698413
38,100,149.37759336099586,4.802692606973589
38,150,149.37759336099586,20.953129549884014
38,200,149.37759336099586,2.451722638754121
38,250,149.37759336099586,1.3098878533876874
38,50,149.37759336099586,-0.015303998877315431
39,100,149.37759336099586,-4.603772897455116
39,150,149.37759336099586,15.712492620558995
39,200,149.37759336099586,-3.1623527405085743
39,250,149.37759336099586,2.1773470790936362
39,50,149.37759336099586,-2.8939192739421027
40,100,149.37759336099586,1.0299747641500079
40,150,149.37759336099586,3.5548142906812346
40,200,149.37759336099586,1.1339768617828279
40,250,149.37759336099586,1.357557640100935
40,50,149.37759336099586,0.813667765580695
42,100,149.37759336099586,6.007764149336946
42,150,149.37759336099586,22.64012405594862
42,200,149.37759336099586,1.511968419019568
42,250,149.37759336099586,7.11947918074488
42,50,149.37759336099586,2.5920914736685545
43,100,149.37759336099586,3.4596749436533782
43,150,149.37759336099586,2.143745932999543
43,200,149.37759336099586,5.163751963002021
43,250,149.37759336099586,5.557517343551973
43,50,149.37759336099586,2.044670095955384
44,100,149.37759336099586,0.4380790096103568
44,150,149.37759336099586,14.033119101883724
44,200,149.37759336099586,1.2006778699185867
44,250,149.37759336099586,-1.118023807703671
44,50,149.37759336099586,0.47479216671340924
5,100,149.37759336099586,-2.4958398020280677
5,150,149.37759336099586,2.7020655053147147
5,200,149.37759336099586,1.3407520325537567
5,250,149.37759336099586,1.944436207038287
5,50,149.37759336099586,-0.6846076231175663
6,100,149.37759336099586,-0.7083789105468989
6,150,149.37759336099586,7.005763322820266
6,200,149.37759336099586,-0.24347106987556058
6,250,149.37759336099586,-3.5077048758458984
6,50,149.37759336099586,0.6531144702842109
7,100,149.37759336099586,-0.13281487177415474
7,150,149.37759336099586,12.614352639459927
7,200,149.37759336099586,1.7377442887588432
7,250,149.37759336099586,-1.8989485020360322
7,50,149.37759336099586,-5.063014149071348
8,100,149.37759336099586,1.5427499321722107
8,150,149.37759336099586,5.87454867305782
8,200,149.37759336099586,2.908394329998625
8,250,149.37759336099586,0.48139939891328504
8,50,149.37759336099586,1.9623251748242128
9,100,149.37759336099586,1.1822593741320653
9,150,149.37759336099586,0.8958332322449369
9,200,149.37759336099586,-0.7697581319182916
9,250,149.37759336099586,0.5751260216248999
9,50,149.37759336099586,0.4854408145045127
10,100,199.1701244813278,3.413788354042943
10,150,199.1701244813278,1.2554111958197443
10,200,199.1701244813278,12.680316580889135
10,250,199.1701244813278,3.1812318815530265
10,50,199.1701244813278,0.5208878427627351
11,100,199.1701244813278,-0.9017250084533068
11,150,199.1701244813278,-3.2221045740734784
11,200,199.1701244813278,19.185599549450856
11,250,199.1701244813278,1.8542099866434478
11,50,199.1701244813278,0.4300407603567044
12,100,199.1701244813278,4.1635988566184805
12,150,199.1701244813278,-1.3809217388723558
12,200,199.1701244813278,11.2547152156774
12,250,199.1701244813278,-0.6077552504738184
12,50,199.1701244813278,1.692360561168191
13,100,199.1701244813278,4.416702636874115
13,150,199.1701244813278,-0.4944514948060277
13,200,199.1701244813278,14.90065391459028
13,250,199.1701244813278,1.7969479974660962
13,50,199.1701244813278,0.9832925874632961
14,100,199.1701244813278,-1.376621648327208
14,150,199.1701244813278,1.8397966546024167
14,200,199.1701244813278,15.266620583465295
14,250,199.1701244813278,-3.1929173312955905
14,50,199.1701244813278,-2.352726966388923
15,100,199.1701244813278,5.535277998293708
15,150,199.1701244813278,-2.1956730541625857
15,200,199.1701244813278,15.299763202113702
15,250,199.1701244813278,0.9668591577512347
15,50,199.1701244813278,5.053569532601722
16,100,199.1701244813278,13.197353356439574
16,150,199.1701244813278,2.534938713198587
16,200,199.1701244813278,20.58645786181507
16,250,199.1701244813278,-0.5547711152230587
16,50,199.1701244813278,2.943857460338432
17,100,199.1701244813278,4.768770565706258
17,150,199.1701244813278,2.8131156891427467
17,200,199.1701244813278,17.526010616993826
17,250,199.1701244813278,1.2503760490179125
17,50,199.1701244813278,-0.38058912883835605
18,100,199.1701244813278,6.908015226304146
18,150,199.1701244813278,4.686268651678887
18,200,199.1701244813278,13.103302938159068
18,250,199.1701244813278,0.9685623734109267
18,50,199.1701244813278,-5.681672030660536
19,100,199.1701244813278,3.5890273250858282
19,150,199.1701244813278,-0.20865906207099
19,200,199.1701244813278,-3.24690423371385
19,250,199.1701244813278,2.80612633059598
19,50,199.1701244813278,0.7345988866883653
20,100,199.1701244813278,4.610398346569633
20,150,199.1701244813278,9.487798055674318
20,200,199.1701244813278,14.559888811676146
20,250,199.1701244813278,-2.6166134730895685
20,50,199.1701244813278,4.377678736149492
21,100,199.1701244813278,1.5802323682761845
21,150,199.1701244813278,-1.430537388753411
21,200,199.1701244813278,8.392147375269397
21,250,199.1701244813278,1.6244931611138014
21,50,199.1701244813278,2.0175710268614857
22,100,199.1701244813278,5.150135756706494
22,150,199.1701244813278,3.4496616713959205
22,200,199.1701244813278,14.685676033255636
22,250,199.1701244813278,1.346601200229128
22,50,199.1701244813278,-0.22694876441124442
23,100,199.1701244813278,6.0568017530710785
23,150,199.1701244813278,0.4137266510747494
23,200,199.1701244813278,13.600582638949813
23,250,199.1701244813278,-0.507537376591002
23,50,199.1701244813278,-1.9774609866436563
24,100,199.1701244813278,-0.8473008722381458
24,150,199.1701244813278,2.09163730355608
24,200,199.1701244813278,8.773875022371453
24,250,199.1701244813278,2.3398487447808787
24,50,199.1701244813278,0.21043230651380498
25,100,199.1701244813278,-0.11941858124587842
25,150,199.1701244813278,4.494053807085744
25,200,199.1701244813278,3.448623584900943
25,250,199.1701244813278,-0.11768953779644983
25,50,199.1701244813278,-2.7555843653074636
26,100,199.1701244813278,-3.2821544131097724
26,150,199.1701244813278,3.514775851095571
26,200,199.1701244813278,1.1441719147275846
26,250,199.1701244813278,-0.5789950249080252
26,50,199.1701244813278,3.85174190623443
27,100,199.1701244813278,2.0593215912838025
27,150,199.1701244813278,0.06802198549533388
27,200,199.1701244813278,2.448732926198857
27,250,199.1701244813278,1.0993560332368533
27,50,199.1701244813278,0.8593120617146957
28,100,199.1701244813278,12.83769982517175
28,150,199.1701244813278,6.052748017948154
28,200,199.1701244813278,16.643306659091945
28,250,199.1701244813278,-4.431622382437378
28,50,199.1701244813278,0.03542496613425531
29,100,199.1701244813278,7.337530456208652
29,150,199.1701244813278,-1.0577588057375928
29,200,199.1701244813278,7.782282653211768
29,250,199.1701244813278,0.2793556307688173
29,50,199.1701244813278,2.7869315952039813
3,100,199.1701244813278,-3.630984764922963
3,150,199.1701244813278,1.2100939867688534
3,200,199.1701244813278,15.36261731950206
3,250,199.1701244813278,-4.550633687195237
3,50,199.1701244813278,0.37294269419492687
30,100,199.1701244813278,-0.266801008858235
30,150,199.1701244813278,-0.15589092952225037
30,200,199.1701244813278,11.325128260380371
30,250,199.1701244813278,-0.5032315879229818
30,50,199.1701244813278,0.011113190176458065
31,100,199.1701244813278,1.4078809147151925
31,150,199.1701244813278,-2.264525384637218
31,200,199.1701244813278,4.377234824305737
31,250,199.1701244813278,-2.7932248093936995
31,50,199.1701244813278,-1.8362881762608563
32,100,199.1701244813278,3.5555253752679796
32,150,199.1701244813278,1.4212729301423117
32,200,199.1701244813278,7.702385867282687
32,250,199.1701244813278,-0.3161185647631011
32,50,199.1701244813278,-0.3213863254529323
33,100,199.1701244813278,8.464571189612949
33,150,199.1701244813278,0.18664870035044745
33,200,199.1701244813278,14.567365845208863
33,250,199.1701244813278,1.0651165065111405
33,50,199.1701244813278,-1.8404213879486822
34,100,199.1701244813278,0.21386930262884823
34,150,199.1701244813278,4.611790506344314
34,200,199.1701244813278,5.9912170516853145
34,250,199.1701244813278,-0.807769009350583
34,50,199.1701244813278,-0.04671104638895237
35,100,199.1701244813278,2.474467282512996
35,150,199.1701244813278,3.519827849519286
35,200,199.1701244813278,7.020016770131987
35,250,199.1701244813278,-0.5819238513390258
35,50,199.1701244813278,-2.4519072546131233
36,100,199.1701244813278,0.8461906198040854
36,150,199.1701244813278,3.019397392285621
36,200,199.1701244813278,15.04482277449069
36,250,199.1701244813278,-0.7169947483618511
36,50,199.1701244813278,-0.3435454701595098
37,100,199.1701244813278,1.760125118318685
37,150,199.1701244813278,-5.351811716665606
37,200,199.1701244813278,13.823111832351334
37,250,199.1701244813278,0.39884151401231527
37,50,199.1701244813278,2.3352393352817225
38,100,199.1701244813278,6.191060096362574
38,150,199.1701244813278,3.1429006381740496
38,200,199.1701244813278,18.515942776122102
38,250,199.1701244813278,0.8328889662847404
38,50,199.1701244813278,0.6077093484769965
39,100,199.1701244813278,13.168108001440604
39,150,199.1701244813278,5.867842844210612
39,200,199.1701244813278,15.280225965443574
39,250,199.1701244813278,0.9202531424816357
39,50,199.1701244813278,-0.7842229368354636
40,100,199.1701244813278,0.6536948900362193
40,150,199.1701244813278,-1.9898279929320193
40,200,199.1701244813278,4.763834645526361
40,250,199.1701244813278,2.3625615754910636
40,50,199.1701244813278,-2.550325317230478
42,100,199.1701244813278,7.057989683185639
42,150,199.1701244813278,5.003105990828073
42,200,199.1701244813278,20.30011336407437
42,250,199.1701244813278,-2.993269630112673
42,50,199.1701244813278,2.8771745783826272
43,100,199.1701244813278,6.053533269176144
43,150,199.1701244813278,-0.3313184714267726
43,200,199.1701244813278,12.519429413690286
43,250,199.1701244813278,-0.1306362247866313
43,50,199.1701244813278,3.3252617638647135
44,100,199.1701244813278,4.855544266516646
44,150,199.1701244813278,-2.0155179660212954
44,200,199.1701244813278,17.174903707287076
44,250,199.1701244813278,1.467390186594003
44,50,199.1701244813278,-0.2251959493947197
5,100,199.1701244813278,-1.2616820434145755
5,150,199.1701244813278,-1.5989830924755388
5,200,199.1701244813278,4.34260658764473
5,250,199.1701244813278,-1.7778123646415935
5,50,199.1701244813278,0.2548606745446908
6,100,199.1701244813278,0.9340320093708772
6,150,199.1701244813278,1.308311550566375
6,200,199.1701244813278,8.39461543810279
6,250,199.1701244813278,-0.3568500618696886
6,50,199.1701244813278,-1.8248718843515466
7,100,199.1701244813278,3.8102653701480014
7,150,199.1701244813278,-3.6005455519083966
7,200,199.1701244813278,13.12909963879486
7,250,199.1701244813278,0.5871278974501589
7,50,199.1701244813278,0.1843026418963348
8,100,199.1701244813278,-2.896613405416859
8,150,199.1701244813278,-0.4841269378003096
8,200,199.1701244813278,8.397624746209162
8,250,199.1701244813278,5.333023857985159
8,50,199.1701244813278,0.06652130149167436
9,100,199.1701244813278,-0.7977247692089839
9,150,199.1701244813278,1.551805305575348
9,200,199.1701244813278,5.680768156769826
9,250,199.1701244813278,0.9914491294372889
9,50,199.1701244813278,-0.08835581686333649
10,100,248.96265560165975,-1.609711644294636
10,150,248.96265560165975,4.724332061727598
10,200,248.96265560165975,-0.17907142660148262
10,250,248.96265560165975,14.982143251173223
10,50,248.96265560165975,1.78884616045424
11,100,248.96265560165975,1.4754548672680723
11,150,248.96265560165975,0.389528318570497
11,200,248.96265560165975,2.1337021328021217
11,250,248.96265560165975,15.468761723671609
11,50,248.96265560165975,1.976825623706303
12,100,248.96265560165975,-2.5888676299486493
12,150,248.96265560165975,1.2748548130379356
12,200,248.96265560165975,1.3446455983592012
12,250,248.96265560165975,20.151390356534684
12,50,248.96265560165975,-3.200435475415364
13,100,248.96265560165975,0.005275620538485435
13,150,248.96265560165975,4.762440113307521
13,200,248.96265560165975,-0.21585811979645547
13,250,248.96265560165975,18.979070874913326
13,50,248.96265560165975,-0.057837777424811235
14,100,248.96265560165975,-1.4376012072712623
14,150,248.96265560165975,-4.2808711132721635
14,200,248.96265560165975,4.707555412723588
14,250,248.96265560165975,12.547925717958163
14,50,248.96265560165975,-3.274257207799442
15,100,248.96265560165975,2.045587958975678
15,150,248.96265560165975,-1.5814665439810272
15,200,248.96265560165975,-0.6938995217955195
15,250,248.96265560165975,20.473388255921133
15,50,248.96265560165975,2.9782483916898483
16,100,248.96265560165975,-1.865877735902723
16,150,248.96265560165975,1.2222949927589564
16,200,248.96265560165975,3.6368775393481716
16,250,248.96265560165975,15.937565373043505
16,50,248.96265560165975,-0.9063911960192862
17,100,248.96265560165975,-0.5723358743020873
17,150,248.96265560165975,3.272185974714654
17,200,248.96265560165975,1.487167292520396
17,250,248.96265560165975,21.767760029224856
17,50,248.96265560165975,2.174300495597646
18,100,248.96265560165975,0.21714021333694838
18,150,248.96265560165975,0.22164452680383054
18,200,248.96265560165975,0.13305038241787398
18,250,248.96265560165975,16.370891577162737
18,50,248.96265560165975,-0.01707215828596408
19,100,248.96265560165975,6.010411669836042
19,150,248.96265560165975,2.035958239389246
19,200,248.96265560165975,-0.6686841889702333
19,250,248.96265560165975,5.115497403446043
19,50,248.96265560165975,4.1003180354146265
20,100,248.96265560165975,-2.945798504490531
20,150,248.96265560165975,4.836016366654392
20,200,248.96265560165975,0.3660228300085911
20,250,248.96265560165975,11.267598417887738
20,50,248.96265560165975,-0.8775217170205672
21,100,248.96265560165975,-6.809210773840749
21,150,248.96265560165975,2.322880317490939
21,200,248.96265560165975,-2.6661966183998436
21,250,248.96265560165975,14.942821631122612
21,50,248.96265560165975,-6.0917018272613985
22,100,248.96265560165975,-0.0009930738728132866
22,150,248.96265560165975,-3.3369618523643267
22,200,248.96265560165975,1.7905884865511432
22,250,248.96265560165975,14.277680577630774
22,50,248.96265560165975,1.0612106887004407
23,100,248.96265560165975,-1.2115916214949811
23,150,248.96265560165975,4.6192828301524855
23,200,248.96265560165975,-1.1433608770112949
23,250,248.96265560165975,21.060535881057007
23,50,248.96265560165975,3.429260178921185
24,100,248.96265560165975,1.4138741879900882
24,150,248.96265560165975,-2.0434544840295095
24,200,248.96265560165975,-3.6210820763521276
24,250,248.96265560165975,10.74747941220323
24,50,248.96265560165975,2.1295640077973914
25,100,248.96265560165975,-0.7555469689623061
25,150,248.96265560165975,1.3253495979242058
25,200,248.96265560165975,-1.7659701724232701
25,250,248.96265560165975,0.26401131933692745
25,50,248.96265560165975,-0.43573290253919206
26,100,248.96265560165975,2.313495518556274
26,150,248.96265560165975,-0.03826437769333959
26,200,248.96265560165975,-0.9732754483174738
26,250,248.96265560165975,4.8360862800833635
26,50,248.96265560165975,3.7090157171243066
27,100,248.96265560165975,-0.5082563860527162
27,150,248.96265560165975,4.541242210540327
27,200,248.96265560165975,1.7942924949352632
27,250,248.96265560165975,3.976383888730501
27,50,248.96265560165975,1.8507473570311006
28,100,248.96265560165975,-0.8193638824536091
28,150,248.96265560165975,3.703885285736722
28,200,248.96265560165975,5.46128627914792
28,250,248.96265560165975,20.592397233189217
28,50,248.96265560165975,-4.2964438094520006
29,100,248.96265560165975,-1.055770325282123
29,150,248.96265560165975,-5.365672897544323
29,200,248.96265560165975,3.5417130208610716
29,250,248.96265560165975,13.398971644164794
29,50,248.96265560165975,-0.333349286933731
3,100,248.96265560165975,-2.9117557223509625
3,150,248.96265560165975,1.9989572269706586
3,200,248.96265560165975,0.9564510772346926
3,250,248.96265560165975,17.541272355328644
3,50,248.96265560165975,0.36233266024385585
30,100,248.96265560165975,0.5063609821867687
30,150,248.96265560165975,0.936863981579162
30,200,248.96265560165975,-3.736394217214455
30,250,248.96265560165975,10.894594033443159
30,50,248.96265560165975,-2.1905065205555063
31,100,248.96265560165975,-3.5474091145769036
31,150,248.96265560165975,-5.057530410020652
31,200,248.96265560165975,1.527017634257862
31,250,248.96265560165975,3.2560710673915034
31,50,248.96265560165975,-1.2058936541973224
32,100,248.96265560165975,1.8263333806494428
32,150,248.96265560165975,1.036594170691298
32,200,248.96265560165975,0.3383381853561258
32,250,248.96265560165975,17.161883609564306
32,50,248.96265560165975,0.35285342902965766
33,100,248.96265560165975,2.447047583116724
33,150,248.96265560165975,-3.619395075185874
33,200,248.96265560165975,0.4877133077609553
33,250,248.96265560165975,17.857820990230536
33,50,248.96265560165975,-1.530811675646854
34,100,248.96265560165975,-5.233834591157875
34,150,248.96265560165975,-0.6261196395103498
34,200,248.96265560165975,-3.562683970201345
34,250,248.96265560165975,6.266415959431751
34,50,248.96265560165975,2.1003930397330297
35,100,248.96265560165975,2.08186738222964
35,150,248.96265560165975,-1.5599490982716118
35,200,248.96265560165975,2.6120233483433215
35,250,248.96265560165975,4.310087978738279
35,50,248.96265560165975,0.5285860873705511
36,100,248.96265560165975,0.5319468643904427
36,150,248.96265560165975,-1.5515080787068556
36,200,248.96265560165975,-0.11377565193984757
36,250,248.96265560165975,11.241678120279698
36,50,248.96265560165975,0.9064028395146818
37,100,248.96265560165975,-0.6406633010799534
37,150,248.96265560165975,0.7618663625962914
37,200,248.96265560165975,-0.6599605834350203
37,250,248.96265560165975,19.07427568569797
37,50,248.96265560165975,1.8620699634843736
38,100,248.96265560165975,0.36544860402053825
38,150,248.96265560165975,-1.7029937772006076
38,200,248.96265560165975,-0.9005374976754287
38,250,248.96265560165975,16.38724853081501
38,50,248.96265560165975,3.0402806688783635
39,100,248.96265560165975,-0.6679788420883663
39,150,248.96265560165975,-1.462550883148396
39,200,248.96265560165975,2.9248218354341127
39,250,248.96265560165975,16.535557169078885
39,50,248.96265560165975,-0.4424715032402179
40,100,248.96265560165975,-2.8207752566277096
40,150,248.96265560165975,0.9609431111258706
40,200,248.96265560165975,-2.354781064968839
40,250,248.96265560165975,21.295358673384367
40,50,248.96265560165975,1.0330472458344466
42,100,248.96265560165975,-1.4764849327114655
42,150,248.96265560165975,0.558529888658292
42,200,248.96265560165975,1.5054474555491684
42,250,248.96265560165975,13.748831516365357
42,50,248.96265560165975,3.1795005118088797
43,100,248.96265560165975,0.7588689122253403
43,150,248.96265560165975,-0.696156693487317
43,200,248.96265560165975,1.058987370617112
43,250,248.96265560165975,23.557354573327274
43,50,248.96265560165975,1.815599995177211
44,100,248.96265560165975,2.5306368232876837
44,150,248.96265560165975,-1.8091859393769771
44,200,248.96265560165975,1.3441731725541628
44,250,248.96265560165975,5.955402959087577
44,50,248.96265560165975,1.5390960608555035
5,100,248.96265560165975,-2.413985715389714
5,150,248.96265560165975,2.976768508092935
5,200,248.96265560165975,-0.6303239218000461
5,250,248.96265560165975,7.077230668201678
5,50,248.96265560165975,1.4597560847316229
6,100,248.96265560165975,-1.967341544228841
6,150,248.96265560165975,1.0746162152881649
6,200,248.96265560165975,0.7864191676937161
6,250,248.96265560165975,4.7830904060803245
6,50,248.96265560165975,0.8225589573134034
7,100,248.96265560165975,1.3412903296848988
7,150,248.96265560165975,-1.5738277551693172
7,200,248.96265560165975,-0.1673142735383115
7,250,248.96265560165975,14.260026179737967
7,50,248.96265560165975,0.11131118635993939
8,100,248.96265560165975,2.4877264283245615
8,150,248.96265560165975,-1.1580246961940812
8,200,248.96265560165975,3.8693112029456382
8,250,248.96265560165975,7.430913392348819
8,50,248.96265560165975,0.5489087382973261
9,100,248.96265560165975,2.489592197045922
9,150,248.96265560165975,-2.1577461072732698
9,200,248.96265560165975,-0.1809895489062968
9,250,248.96265560165975,10.512725674240833
9,50,248.96265560165975,-3.6170122364482253
